<?xml version="1.0" encoding="UTF-8" standalone="yes"?>
<addon id="uptoplay" name="repository.uptoplay" version="0.1" provider-name="benking110181">
    <extension point="xbmc.addon.repository" name="uptoplay Repository">
        <dir>
            <info compressed="false">https://raw.githubusercontent.com/benking110181/repository.example/master/repo/zips/addons.xml</info>
            <checksum>https://raw.githubusercontent.com/benking110181/repository.example/master/repo/zips/addons.xml.md5</checksum>
            <datadir zip="true">https://raw.githubusercontent.com/benking110181/repository.example/master/repo/zips/</datadir>
        </dir>
    </extension>
    <extension point="xbmc.addon.metadata">
        <summary>repository.uptoplay</summary>
        <description>DESCRIPTION OF repository.uptoplay</description>
        <disclaimer></disclaimer>
        <platform>all</platform>
        <assets>
            <icon>icon.png</icon>
            <fanart>fanart.jpg</fanart>
        </assets>
    </extension>
</addon>